name,from,email,DOB,gender,peopleID
Emil Svensson,Sweden,emil.svensson@example.com,2002-08-29,Male,1
Anna Johansson,Sweden,anna.johansson@example.com,2003-02-15,Female,2
Liam Smith,USA,liam.smith@example.com,1990-05-22,Male,3
Olivia Brown,UK,olivia.brown@example.com,1985-11-13,Female,4
Noah Jones,Canada,noah.jones@example.com,1995-01-30,Male,5
Emma Davis,Australia,emma.davis@example.com,1992-07-18,Female,6
Lucas Wilson,New Zealand,lucas.wilson@example.com,1988-12-03,Male,7
Sophia Martinez,Spain,sophia.martinez@example.com,1998-09-07,Female,8
Mason Garcia,Mexico,mason.garcia@example.com,1991-06-25,Male,9
Isabella Hernandez,Argentina,isabella.hernandez@example.com,1994-03-12,Female,10
Ethan Lee,South Korea,ethan.lee@example.com,1993-10-21,Male,11
Mia Kim,South Korea,mia.kim@example.com,1987-08-09,Female,12
James Chen,China,james.chen@example.com,2000-04-14,Male,13
Charlotte Liu,China,charlotte.liu@example.com,1999-07-31,Female,14
Alexander Patel,India,alexander.patel@example.com,1986-05-01,Male,15
Amelia Singh,India,amelia.singh@example.com,1997-11-29,Female,16
Benjamin Nguyen,Vietnam,benjamin.nguyen@example.com,1991-03-17,Male,17
Ella Tran,Vietnam,ella.tran@example.com,1990-12-11,Female,18
Henry Silva,Brazil,henry.silva@example.com,1983-07-20,Male,19
Ava Costa,Brazil,ava.costa@example.com,1989-02-02,Female,20
Daniel Rossi,Italy,daniel.rossi@example.com,1994-05-14,Male,21
Sofia Russo,Italy,sofia.russo@example.com,1995-08-27,Female,22
Jack Taylor,UK,jack.taylor@example.com,1990-10-05,Male,23
Lily Harris,USA,lily.harris@example.com,1992-01-11,Female,24
Logan Walker,Canada,logan.walker@example.com,1987-04-08,Male,25
Zoe Allen,Australia,zoe.allen@example.com,1998-03-22,Female,26
Aiden Young,New Zealand,aiden.young@example.com,2001-02-13,Male,27
Grace King,UK,grace.king@example.com,1993-09-03,Female,28
Oliver Scott,USA,oliver.scott@example.com,1986-06-18,Male,29
Chloe Green,Canada,chloe.green@example.com,1990-10-22,Female,30
William Adams,Australia,william.adams@example.com,1984-11-07,Male,31
Emily Baker,UK,emily.baker@example.com,1997-05-19,Female,32
Jayden Gonzalez,Mexico,jayden.gonzalez@example.com,1999-02-24,Male,33
Aria Perez,Spain,aria.perez@example.com,1991-08-16,Female,34
Michael Rodriguez,Argentina,michael.rodriguez@example.com,1985-12-28,Male,35
Ella Fernandez,Brazil,ella.fernandez@example.com,1996-07-05,Female,36
Alexander White,USA,alexander.white@example.com,1989-11-03,Male,37
Abigail Thompson,Canada,abigail.thompson@example.com,1993-03-08,Female,38
Jacob Martinez,Spain,jacob.martinez@example.com,1992-09-15,Male,39
Madison Lopez,Mexico,madison.lopez@example.com,1995-12-25,Female,40
Elijah Thomas,South Korea,elijah.thomas@example.com,1988-08-02,Male,41
Harper Roberts,China,harper.roberts@example.com,1997-01-16,Female,42
Sebastian Clark,India,sebastian.clark@example.com,1986-05-23,Male,43
Victoria Lewis,Vietnam,victoria.lewis@example.com,1999-04-10,Female,44
Owen Hill,Brazil,owen.hill@example.com,1984-11-29,Male,45
Scarlett Scott,Australia,scarlett.scott@example.com,2000-07-21,Female,46
Dylan Green,New Zealand,dylan.green@example.com,1998-12-14,Male,47
Aurora Mitchell,UK,aurora.mitchell@example.com,1987-03-25,Female,48
Caleb Ramirez,Mexico,caleb.ramirez@example.com,1993-09-19,Male,49
Hannah Rivera,Argentina,hannah.rivera@example.com,1985-06-07,Female,50
